{"mean": {"accuracy": 0.9347000122070312, "ece": 0.035585589706897736, "m1_auroc": 0.9689599060771359, "m1_auprc": 0.9449771478381721, "m2_auroc": 0.5846452923325138, "m2_auprc": 0.7656063135318294, "t_ece": 0.017500894144177437, "t_m1_auroc": 0.9689599060771359, "t_m1_auprc": 0.9449771478381721, "t_m2_auroc": 0.5846452923325138, "t_m2_auprc": 0.7656063135318294}, "std": {"accuracy": 0.000299990177154541, "ece": 0.0006225630640983582, "m1_auroc": 0.001367909688076263, "m1_auprc": 0.0014003134883815993, "m2_auroc": 0.005165792102028333, "m2_auprc": 0.002115451307770022, "t_ece": 0.011530758813023567, "t_m1_auroc": 0.001367909688076263, "t_m1_auprc": 0.0014003134883815993, "t_m2_auroc": 0.005165792102028333, "t_m2_auprc": 0.002115451307770022}, "values": {"accuracy": [0.935, 0.9344], "ece": [0.03496302664279938, 0.036208152770996094], "m1_auroc": [0.9675919963890597, 0.9703278157652122], "m1_auprc": [0.9435768343497906, 0.9463774613265538], "m2_auroc": [0.5794795002304854, 0.5898110844345421], "m2_auprc": [0.7634908622240594, 0.7677217648395994], "t_ece": [0.005970134399831295, 0.029031652957201004], "t_m1_auroc": [0.9675919963890597, 0.9703278157652122], "t_m1_auprc": [0.9435768343497906, 0.9463774613265538], "t_m2_auroc": [0.5794795002304854, 0.5898110844345421], "t_m2_auprc": [0.7634908622240594, 0.7677217648395994]}, "info": {"seed": 1, "dataset": "cifar10", "ood_dataset": "svhn", "data_aug": false, "gpu": true, "batch_size": 128, "load_loc": "./models/", "model": "resnet18", "runs": 2, "sn": true, "coeff": 3.0, "mod": true, "ensemble": 5, "model_type": "gmm"}}