{"mean": {"accuracy": 0.9347000122070312, "ece": 0.035585589706897736, "m1_auroc": 0.8675012325, "m1_auprc": 0.8752341590874181, "m2_auroc": 0.622588485, "m2_auprc": 0.6054619925613969, "t_ece": 0.017500894144177437, "t_m1_auroc": 0.8675012325, "t_m1_auprc": 0.8752341590874181, "t_m2_auroc": 0.622588485, "t_m2_auprc": 0.6054619925613969}, "std": {"accuracy": 0.000299990177154541, "ece": 0.0006225630640983582, "m1_auroc": 0.0013358874999999657, "m1_auprc": 0.0007465231604829591, "m2_auroc": 0.012884609999999963, "m2_auprc": 0.010894752539034436, "t_ece": 0.011530758813023567, "t_m1_auroc": 0.0013358874999999657, "t_m1_auprc": 0.0007465231604829591, "t_m2_auroc": 0.012884609999999963, "t_m2_auprc": 0.010894752539034436}, "values": {"accuracy": [0.935, 0.9344], "ece": [0.03496302664279938, 0.036208152770996094], "m1_auroc": [0.86883712, 0.8661653450000001], "m1_auprc": [0.875980682247901, 0.8744876359269351], "m2_auroc": [0.609703875, 0.6354730949999999], "m2_auprc": [0.5945672400223625, 0.6163567451004314], "t_ece": [0.005970134399831295, 0.029031652957201004], "t_m1_auroc": [0.86883712, 0.8661653450000001], "t_m1_auprc": [0.875980682247901, 0.8744876359269351], "t_m2_auroc": [0.609703875, 0.6354730949999999], "t_m2_auprc": [0.5945672400223625, 0.6163567451004314]}, "info": {"seed": 1, "dataset": "cifar10", "ood_dataset": "tinyimagenet", "data_aug": false, "gpu": true, "batch_size": 128, "load_loc": "./models/", "model": "resnet18", "runs": 2, "sn": true, "coeff": 3.0, "mod": true, "ensemble": 5, "model_type": "gmm"}}