{"mean": {"accuracy": 0.9347000122070312, "ece": 0.035585589706897736, "m1_auroc": 0.8678732125, "m1_auprc": 0.8802649674494898, "m2_auroc": 0.6207900350000001, "m2_auprc": 0.6037108897081076, "t_ece": 0.017500894144177437, "t_m1_auroc": 0.8678732125, "t_m1_auprc": 0.8802649674494898, "t_m2_auroc": 0.6207900350000001, "t_m2_auprc": 0.6037108897081076}, "std": {"accuracy": 0.000299990177154541, "ece": 0.0006225630640983582, "m1_auroc": 0.0009570774999999587, "m1_auprc": 0.0004999084807720822, "m2_auroc": 0.013539700000000043, "m2_auprc": 0.010935950889469581, "t_ece": 0.011530758813023567, "t_m1_auroc": 0.0009570774999999587, "t_m1_auprc": 0.0004999084807720822, "t_m2_auroc": 0.013539700000000043, "t_m2_auprc": 0.010935950889469581}, "values": {"accuracy": [0.935, 0.9344], "ece": [0.03496302664279938, 0.036208152770996094], "m1_auroc": [0.86883029, 0.8669161350000001], "m1_auprc": [0.8807648759302619, 0.8797650589687177], "m2_auroc": [0.607250335, 0.6343297350000001], "m2_auprc": [0.592774938818638, 0.6146468405975771], "t_ece": [0.005970134399831295, 0.029031652957201004], "t_m1_auroc": [0.86883029, 0.8669161350000001], "t_m1_auprc": [0.8807648759302619, 0.8797650589687177], "t_m2_auroc": [0.607250335, 0.6343297350000001], "t_m2_auprc": [0.592774938818638, 0.6146468405975771]}, "info": {"seed": 1, "dataset": "cifar10", "ood_dataset": "cifar100", "data_aug": false, "gpu": true, "batch_size": 128, "load_loc": "./models/", "model": "resnet18", "runs": 2, "sn": true, "coeff": 3.0, "mod": true, "ensemble": 5, "model_type": "gmm"}}